"day","Retic","RBC","Pd","M","E","R","W","N","K","mouse","box","paba","sigmaRBCinit","sigmaReticinit","sigmaPdinit","lambdaM","lambdaE","sigmaR","sigmaW","sigmaN","fit","con","ID"
0,226025.088854096,8420000,NA,7.38131571380055,15.9333967817526,12.3286124399373,12.6007831707748,11.9757111789717,7.38122170047804,"03","04","0",0.0794,0.151,0.597,1000,1000,0.75,0.75,0.75,-68.4081566034272,0,9
1,740663.591621737,9910000,4435.65,8.73492569341908,16.0106036211542,13.5161386226025,12.6014103447013,13.4234650047032,8.73460601310428,"03","04","0",0.0794,0.151,0.597,1000,1000,0.75,0.75,0.75,-68.4081566034272,0,9
2,437366.95098501,9290000,15149.85,10.0445323560155,16.0001237756645,12.9884237632373,12.7024735157976,13.5628908236903,10.0432977211224,"03","04","0",0.0794,0.151,0.597,1000,1000,0.75,0.75,0.75,-68.4081566034272,0,9
3,426269.483246719,8990000,102804.6,11.3383488409834,15.9597480658309,12.9627656025582,13.0627116780244,14.0679139765432,11.333666973893,"03","04","0",0.0794,0.151,0.597,1000,1000,0.75,0.75,0.75,-68.4081566034272,0,9
4,341159.591663855,7790000,313878,12.5491504739879,15.8386452261983,12.7400070384526,13.6960486676121,12.5988272055347,12.5313715403261,"03","04","0",0.0794,0.151,0.597,1000,1000,0.75,0.75,0.75,-68.4081566034272,0,9
5,368731.87188654,8200000,1445695.5,13.794080270303,15.8594658919324,12.8182321404736,15.0149073462316,13.4601276146747,13.7341956095573,"03","04","0",0.0794,0.151,0.597,1000,1000,0.75,0.75,0.75,-68.4081566034272,0,9
6,270051.842454936,6730000,2828640,14.644656764941,15.6855859292099,12.5063717685363,16.4286578285547,13.0821481379256,14.4799325013067,"03","04","0",0.0794,0.151,0.597,1000,1000,0.75,0.75,0.75,-68.4081566034272,0,9
7,367008.052063952,4890000,796452,13.7969863868593,15.3223879346241,12.8132759123238,16.598507543754,13.1485143552505,13.6980868484333,"03","04","0",0.0794,0.151,0.597,1000,1000,0.75,0.75,0.75,-68.4081566034272,0,9
8,616366.274354374,4180000,119515.65,11.6865455909279,15.0918020349755,13.3315149812798,16.0469104914916,12.903628660207,11.6724158690208,"03","04","0",0.0794,0.151,0.597,1000,1000,0.75,0.75,0.75,-68.4081566034272,0,9
9,1047551.10162627,4850000,47198.25,10.7664079056437,15.1444905791298,13.8630354902446,15.8856513396891,14.6101164239046,10.7615007356903,"03","04","0",0.0794,0.151,0.597,1000,1000,0.75,0.75,0.75,-68.4081566034272,0,9
10,2674130.39948977,5690000,25697.85,10.0676049476804,14.9194593808385,14.7986913308716,15.9768061153091,15.597540772828,10.0655343791379,"03","04","0",0.0794,0.151,0.597,1000,1000,0.75,0.75,0.75,-68.4081566034272,0,9
11,2584247.24015347,4570000,4856.55,8.90131696405639,14.5044086262089,14.7646732511191,14.9750791025175,14.6183336391359,8.90051471823696,"03","04","0",0.0794,0.151,0.597,1000,1000,0.75,0.75,0.75,-68.4081566034272,0,9
12,2459634.84106744,5270000,13853.115,9.12573203406246,14.8464805419632,14.7154548922093,16.2779737979998,15.1308091798074,9.124859247895,"03","04","0",0.0794,0.151,0.597,1000,1000,0.75,0.75,0.75,-68.4081566034272,0,9
13,1981161.74853117,4510000,1799.535,7.5940110376153,14.7637098141039,14.4988366910006,15.9972282033833,12.8292629966675,7.59379332552781,"03","04","0",0.0794,0.151,0.597,1000,1000,0.75,0.75,0.75,-68.4081566034272,0,9
14,2602394.19512379,7140000,1142.8845,6.97664572442945,15.2981956267716,14.7774648738836,16.2480106736202,14.8947335041559,6.97656943761843,"03","04","0",0.0794,0.151,0.597,1000,1000,0.75,0.75,0.75,-68.4081566034272,0,9
15,2093987.08490666,6670000,533.2185,6.34248096390044,15.339930927937,14.5541347541459,15.9152541421116,14.2814695836023,6.34243846915206,"03","04","0",0.0794,0.151,0.597,1000,1000,0.75,0.75,0.75,-68.4081566034272,0,9
16,2131436.33447218,7420000,542.148,6.29020229626733,15.4798231303336,14.5725095127133,15.899559484484,14.4832353850098,6.29016592819989,"03","04","0",0.0794,0.151,0.597,1000,1000,0.75,0.75,0.75,-68.4081566034272,0,9
17,1900075.20216393,7600000,579.69,6.35036814440863,15.555482716285,14.4572701824493,16.1082589004054,14.6441269577443,6.35033045193255,"03","04","0",0.0794,0.151,0.597,1000,1000,0.75,0.75,0.75,-68.4081566034272,0,9
18,899935.142890476,6510000,477.531,6.15257671885576,15.5397967815223,13.7101549523761,16.4320308101895,14.1742566316243,6.15254061818983,"03","04","0",0.0794,0.151,0.597,1000,1000,0.75,0.75,0.75,-68.4081566034272,0,9
19,932579.835988258,6120000,NA,5.23648790799207,15.4659466328229,13.7456074639093,16.6121922769319,13.03157523934,5.23647260220817,"03","04","0",0.0794,0.151,0.597,1000,1000,0.75,0.75,0.75,-68.4081566034272,0,9
20,927864.902289168,6730000,49.0764,3.90045844399785,15.5699662322946,13.7410829848433,16.6121953223621,13.0315751331717,3.90045476027736,"03","04","0",0.0794,0.151,0.597,1000,1000,0.75,0.75,0.75,-68.4081566034272,0,9
0,168485.971922256,7660000,NA,6.86817811924138,15.887472008765,12.0348633332864,12.3702287152411,12.6323196100071,6.86811885195972,"02","04","0",0.0794,0.151,0.597,1000,1000,0.75,0.75,0.75,-49.7894679066301,0,8
1,709159.559314927,9760000,2888.925,8.20832964819876,15.8741313436867,13.4715171706699,12.3727701151745,12.7835121327287,8.20811480533645,"02","04","0",0.0794,0.151,0.597,1000,1000,0.75,0.75,0.75,-49.7894679066301,0,8
2,346435.195316642,8550000,9678.525,9.54884306721405,15.9138911696477,12.7555396332095,12.4711227486111,12.855218376355,9.54801792138128,"02","04","0",0.0794,0.151,0.597,1000,1000,0.75,0.75,0.75,-49.7894679066301,0,8
3,349895.903434894,8200000,55027.8,10.8870817254632,15.9031795239836,12.7653297070671,12.836334638026,13.0314292544469,10.8839060542181,"02","04","0",0.0794,0.151,0.597,1000,1000,0.75,0.75,0.75,-49.7894679066301,0,8
4,329203.296797792,8570000,220524,12.1993963047549,15.8803567823945,12.704378177453,13.5691261055336,13.3673637518902,12.1873262837339,"02","04","0",0.0794,0.151,0.597,1000,1000,0.75,0.75,0.75,-49.7894679066301,0,8
5,286687.251578387,7250000,1082187,13.4271689154685,15.811393458132,12.5660497101349,14.9154867367512,13.5130820120599,13.38314429882,"02","04","0",0.0794,0.151,0.597,1000,1000,0.75,0.75,0.75,-49.7894679066301,0,8
6,204430.539269513,6320000,1309602,14.2997537651861,15.6603465569118,12.2280548286227,15.8876565101021,13.1432164527343,14.1780852293754,"02","04","0",0.0794,0.151,0.597,1000,1000,0.75,0.75,0.75,-49.7894679066301,0,8
7,251456.178419199,3870000,1951995,14.290915931915,15.3643052749361,12.4350675280583,16.6922358719992,12.6575367775986,14.1330462939285,"02","04","0",0.0794,0.151,0.597,1000,1000,0.75,0.75,0.75,-49.7894679066301,0,8
8,424646.230884294,4230000,139490.7,11.8945587237697,15.0395614086714,12.9592409146058,16.0852297467706,12.9366595129297,11.8754771242558,"02","04","0",0.0794,0.151,0.597,1000,1000,0.75,0.75,0.75,-49.7894679066301,0,8
9,550342.850971303,4190000,42869.7,10.6447787443148,15.015146303855,13.2186095968546,16.0579217302001,13.8190819452749,10.6393599866578,"02","04","0",0.0794,0.151,0.597,1000,1000,0.75,0.75,0.75,-49.7894679066301,0,8
10,1712717.25748548,4830000,11736.15,9.35347835036005,14.8989700776797,14.353535430915,15.6873964300431,14.8306419235756,9.35224251748595,"02","04","0",0.0794,0.151,0.597,1000,1000,0.75,0.75,0.75,-49.7894679066301,0,8
11,2684884.95530931,5550000,4876.515,8.77494099501608,14.7620211913575,14.8029403319197,14.7519525959371,15.3531852553966,8.77432615342542,"02","04","0",0.0794,0.151,0.597,1000,1000,0.75,0.75,0.75,-49.7894679066301,0,8
12,2027437.33180498,3640000,9017.325,8.81514500412114,14.58546800387,14.521456447669,15.5688318952484,14.5266743536715,8.81434047854027,"02","04","0",0.0794,0.151,0.597,1000,1000,0.75,0.75,0.75,-49.7894679066301,0,8
13,1809446.11413626,4100000,4118.94,8.35487110214141,14.7597083156304,14.4087058847956,15.615347563911,13.8255007165752,8.3543859427863,"02","04","0",0.0794,0.151,0.597,1000,1000,0.75,0.75,0.75,-49.7894679066301,0,8
14,2426181.72379175,6750000,3453.15,8.1499500262566,15.0657302782935,14.7024250165303,15.5149542240039,14.2947523031816,8.14965747762305,"02","04","0",0.0794,0.151,0.597,1000,1000,0.75,0.75,0.75,-49.7894679066301,0,8
15,2531610.52525947,7130000,4046.13,8.35946524677165,15.3197415790373,14.744266440218,15.3507235881534,14.5990993728576,8.35916162301532,"02","04","0",0.0794,0.151,0.597,1000,1000,0.75,0.75,0.75,-49.7894679066301,0,8
16,2027576.6496234,6970000,6716.67,8.79532526844637,15.452350026702,14.5222393218579,15.6451023782712,14.5248475689879,8.79486458151442,"02","04","0",0.0794,0.151,0.597,1000,1000,0.75,0.75,0.75,-49.7894679066301,0,8
17,1825979.61996712,6900000,8844.045,9.04912380969127,15.4995261694128,14.4175235189809,16.3285862692993,14.3205431999026,9.04853388064782,"02","04","0",0.0794,0.151,0.597,1000,1000,0.75,0.75,0.75,-49.7894679066301,0,8
18,1244554.93394784,7450000,5028.06,8.51454238911633,15.562080257252,14.0344199528169,16.8284769985355,14.505561857119,8.51418517266157,"02","04","0",0.0794,0.151,0.597,1000,1000,0.75,0.75,0.75,-49.7894679066301,0,8
19,1201052.38268041,6150000,811.635,6.72006018341067,15.4708860265919,13.998573612455,16.6521403926421,14.2252022896447,6.71999579040001,"02","04","0",0.0794,0.151,0.597,1000,1000,0.75,0.75,0.75,-49.7894679066301,0,8
20,747075.559878028,5950000,190.0245,5.2425885124092,15.4442343231301,13.5240360224993,16.6521616895918,14.225447252531,5.24257232986625,"02","04","0",0.0794,0.151,0.597,1000,1000,0.75,0.75,0.75,-49.7894679066301,0,8
0,194236.115218194,8080000,NA,7.72604735523492,15.9199788264621,12.1770739053689,12.9337636269736,12.492659595768,7.72591239227722,"01","04","0",0.0794,0.151,0.597,1000,1000,0.75,0.75,0.75,-64.6024236650682,0,7
1,766534.015144929,9740000,8439.57,9.05193422161492,15.943679419998,13.549830098901,12.9346493686798,13.6449371261505,9.05146868469078,"01","04","0",0.0794,0.151,0.597,1000,1000,0.75,0.75,0.75,-64.6024236650682,0,7
2,330463.625451507,8450000,23500.65,10.3214305850348,15.92223052183,12.7082856901835,12.9413712985007,13.1660212248203,10.319655050914,"01","04","0",0.0794,0.151,0.597,1000,1000,0.75,0.75,0.75,-64.6024236650682,0,7
3,353220.652982158,8110000,76861.2,11.6198364631648,15.890917222387,12.7747994518447,13.1123676314031,12.4743667928442,11.6131569992868,"01","04","0",0.0794,0.151,0.597,1000,1000,0.75,0.75,0.75,-64.6024236650682,0,7
4,388792.994686221,8630000,401962.5,12.9366370061963,15.904013391206,12.8709494283473,13.7758207992011,12.5565285527892,12.9122002066721,"01","04","0",0.0794,0.151,0.597,1000,1000,0.75,0.75,0.75,-64.6024236650682,0,7
5,445745.162283662,8300000,2411190,14.1795970925149,15.865556269235,13.0073790469123,15.39614656302,12.8131130338535,14.0932689079166,"01","04","0",0.0794,0.151,0.597,1000,1000,0.75,0.75,0.75,-64.6024236650682,0,7
6,306732.678154717,6740000,2553135,14.8635990778534,15.6914401839509,12.6337095735338,16.619396965238,12.5367937377172,14.6621583826736,"01","04","0",0.0794,0.151,0.597,1000,1000,0.75,0.75,0.75,-64.6024236650682,0,7
7,316327.547735982,4520000,968631,13.6119745176637,15.281352653319,12.6646638216038,15.9870174497242,12.3256677801877,13.5254872279253,"01","04","0",0.0794,0.151,0.597,1000,1000,0.75,0.75,0.75,-64.6024236650682,0,7
8,570846.650310197,4480000,446172,12.9970046466613,15.1486287530285,13.2554613544516,16.004450712865,13.2668290094506,12.9468932817745,"01","04","0",0.0794,0.151,0.597,1000,1000,0.75,0.75,0.75,-64.6024236650682,0,7
9,815732.851401827,4290000,178645.5,12.1760293086653,15.0568546812248,13.6120481758251,15.4911636384213,14.3827012344975,12.1534218114906,"01","04","0",0.0794,0.151,0.597,1000,1000,0.75,0.75,0.75,-64.6024236650682,0,7
10,2560491.70528295,5250000,150999,11.8991886324064,14.8096457909165,14.7553400274674,15.5342062209451,15.1361096330056,11.885238974725,"01","04","0",0.0794,0.151,0.597,1000,1000,0.75,0.75,0.75,-64.6024236650682,0,7
11,3515742.00877348,6040000,91257.45,11.5204622958924,14.736068794765,15.0726169094391,15.5109111075005,15.7383301125185,11.5121136925915,"01","04","0",0.0794,0.151,0.597,1000,1000,0.75,0.75,0.75,-64.6024236650682,0,7
12,2647294.23193464,4540000,59119.8,10.8807410563432,14.4577496522192,14.7884593853971,16.4475112761411,15.0173546955428,10.8749023243762,"01","04","0",0.0794,0.151,0.597,1000,1000,0.75,0.75,0.75,-64.6024236650682,0,7
13,1608425.70861526,3630000,4665.75,8.49232894773569,14.5853024864029,14.2906844367471,16.1957668182652,12.9755848860374,8.49168176231292,"01","04","0",0.0794,0.151,0.597,1000,1000,0.75,0.75,0.75,-64.6024236650682,0,7
14,1765385.77417404,5480000,1051.836,6.91574446187024,15.0524692340679,14.386628879157,16.5439226507648,14.3618379106579,6.91564782387258,"01","04","0",0.0794,0.151,0.597,1000,1000,0.75,0.75,0.75,-64.6024236650682,0,7
15,2372936.243658,6120000,147.1881,5.05599418069872,15.1343892329255,14.6794015196644,15.8995439023595,15.1072001709913,5.05598133953012,"01","04","0",0.0794,0.151,0.597,1000,1000,0.75,0.75,0.75,-64.6024236650682,0,7
16,2309225.77246357,5630000,98.56935,4.55303344563171,15.0275446858856,14.6520119301146,15.8930907244939,14.3227028510358,4.5530250731996,"01","04","0",0.0794,0.151,0.597,1000,1000,0.75,0.75,0.75,-64.6024236650682,0,7
17,1815745.11853429,6020000,NA,4.25845893959204,15.2585130983717,14.4120585009432,15.8884975379177,13.8777099514585,4.25845309580154,"01","04","0",0.0794,0.151,0.597,1000,1000,0.75,0.75,0.75,-64.6024236650682,0,7
18,1164156.59124538,6310000,NA,4.17560603781969,15.4443274772602,13.9678489161607,15.8856547564981,14.3863399041332,4.17560084178252,"01","04","0",0.0794,0.151,0.597,1000,1000,0.75,0.75,0.75,-64.6024236650682,0,7
19,1478875.23300575,6200000,NA,4.03440551192935,15.36696660152,14.2066393902352,15.8842950078219,14.7364684907509,4.03440095251172,"01","04","0",0.0794,0.151,0.597,1000,1000,0.75,0.75,0.75,-64.6024236650682,0,7
20,946714.82363658,5070000,NA,3.75887200034711,15.2334885410131,13.7607972705819,15.8842147060362,14.7364448004001,3.75886777418016,"01","04","0",0.0794,0.151,0.597,1000,1000,0.75,0.75,0.75,-64.6024236650682,0,7
0,200948.047834501,8260000,NA,6.43694262578162,15.9075785078812,12.2110496578496,12.4068890420447,14.0423429572254,6.4369050178687,"03","03","0.0005",0.0794,0.151,0.597,1000,1000,0.75,0.75,0.75,-45.1970194180224,0,6
1,811529.095976102,8300000,1549.86,8.00746870823478,15.7819276467719,13.6063238658295,12.4075400139074,14.2198608961235,8.0072799760064,"03","03","0.0005",0.0794,0.151,0.597,1000,1000,0.75,0.75,0.75,-45.1970194180224,0,6
2,398289.371306928,6650000,11036.205,9.54276238760556,15.6929127655301,12.8950565341568,12.5265160868346,13.4579677164974,9.54175724008889,"03","03","0.0005",0.0794,0.151,0.597,1000,1000,0.75,0.75,0.75,-45.1970194180224,0,6
3,666132.606617209,7080000,58216.05,11.15693410779,15.649802723948,13.4092060417238,12.8519790723268,13.2917917004403,11.1518820813925,"03","03","0.0005",0.0794,0.151,0.597,1000,1000,0.75,0.75,0.75,-45.1970194180224,0,6
4,837503.919521125,6960000,410092.5,12.7679632100906,15.6505597652435,13.6380503888226,13.5219127023356,13.2065012264611,12.7433706884932,"03","03","0.0005",0.0794,0.151,0.597,1000,1000,0.75,0.75,0.75,-45.1970194180224,0,6
5,1027855.49382334,7500000,2070855,14.3176271451492,15.6485592330099,13.8428126306627,14.7452443968861,13.397360094006,14.2063050719982,"03","03","0.0005",0.0794,0.151,0.597,1000,1000,0.75,0.75,0.75,-45.1970194180224,0,6
6,629442.648715445,5700000,7922805,15.5206239499325,15.4760509556323,13.3524008250174,16.6101912385394,13.0086470434803,15.089756762369,"03","03","0.0005",0.0794,0.151,0.597,1000,1000,0.75,0.75,0.75,-45.1970194180224,0,6
7,356850.272479255,2390000,1503060,13.9877843698124,14.5797147403852,12.7852752664979,15.6881413581394,12.5735696959211,13.7599428850365,"03","03","0.0005",0.0794,0.151,0.597,1000,1000,0.75,0.75,0.75,-45.1970194180224,0,6
8,596648.351676645,2040000,371811,12.7981809701759,14.1499741514347,13.2996040726132,15.4740064467127,12.9807165089339,12.7088953557505,"03","03","0.0005",0.0794,0.151,0.597,1000,1000,0.75,0.75,0.75,-45.1970194180224,0,6
9,934231.649027601,2320000,111783.45,11.6091105361624,14.1091256422932,13.7478882451093,15.6162918313033,13.9875122453482,11.58502042238,"03","03","0.0005",0.0794,0.151,0.597,1000,1000,0.75,0.75,0.75,-45.1970194180224,0,6
10,2336094.97331371,3610000,26528.25,10.1539492071604,14.0675135731907,14.6638546749678,15.4981587376212,14.8667818306534,10.1504049612819,"03","03","0.0005",0.0794,0.151,0.597,1000,1000,0.75,0.75,0.75,-45.1970194180224,0,6
11,3573022.53482461,5330000,10697.43,9.6262150256258,14.3062315801313,15.0890371910114,14.9312386704755,16.0157609869514,9.62475991741162,"03","03","0.0005",0.0794,0.151,0.597,1000,1000,0.75,0.75,0.75,-45.1970194180224,0,6
12,2503904.17449083,3300000,12561.315,9.05758284735458,13.7262800368005,14.731914603441,15.3700155810637,15.0853189444037,9.05632636325297,"03","03","0.0005",0.0794,0.151,0.597,1000,1000,0.75,0.75,0.75,-45.1970194180224,0,6
13,1470358.31179064,2450000,3628.485,8.37854773753563,13.9982768673948,14.2011186742963,15.0972178608554,13.2329713201364,8.37773305700533,"03","03","0.0005",0.0794,0.151,0.597,1000,1000,0.75,0.75,0.75,-45.1970194180224,0,6
14,2444841.26211846,5450000,6114.615,8.57144127011625,14.6024113954026,14.712770495342,15.5939752238191,15.0599707543303,8.57087365119199,"03","03","0.0005",0.0794,0.151,0.597,1000,1000,0.75,0.75,0.75,-45.1970194180224,0,6
15,2235212.87874714,4340000,3851.55,8.30174845934276,14.6022955876683,14.6194268419386,15.7164952796008,14.7610694908519,8.30129359877011,"03","03","0.0005",0.0794,0.151,0.597,1000,1000,0.75,0.75,0.75,-45.1970194180224,0,6
16,2597889.63581961,5080000,2685.975,7.96085283404156,14.7222572270974,14.7702138577524,15.7934348052175,14.5378449111181,7.96057038477185,"03","03","0.0005",0.0794,0.151,0.597,1000,1000,0.75,0.75,0.75,-45.1970194180224,0,6
17,2615736.2849305,5930000,2797.11,7.88174693111116,15.0328845894604,14.7769601847019,16.3658908204183,14.2796076915114,7.88152600263738,"03","03","0.0005",0.0794,0.151,0.597,1000,1000,0.75,0.75,0.75,-45.1970194180224,0,6
18,2183425.37511436,6800000,1445.97,7.2297668626165,15.3417748317464,14.5965321422889,16.9999459492021,14.4325790424214,7.22966517162322,"03","03","0.0005",0.0794,0.151,0.597,1000,1000,0.75,0.75,0.75,-45.1970194180224,0,6
19,1806176.22693661,7100000,162.537,5.14733464681398,15.4585927613045,14.4067596217984,16.7665821867844,15.0748026274748,5.14732232317243,"03","03","0.0005",0.0794,0.151,0.597,1000,1000,0.75,0.75,0.75,-45.1970194180224,0,6
20,906205.183880599,5080000,39.1224,3.65238375979698,15.2520403803609,13.7170916463478,16.7665813324315,15.0745755081919,3.65237998790081,"03","03","0.0005",0.0794,0.151,0.597,1000,1000,0.75,0.75,0.75,-45.1970194180224,0,6
0,169863.138050484,7740000,NA,6.29772402701612,15.9176410126681,12.042988957536,13.5038600798528,12.0626388469747,6.29769150582232,"02","03","0.0005",0.0794,0.151,0.597,1000,1000,0.75,0.75,0.75,-61.0686594252774,0,5
1,659010.89109031,10100000,1794.96,7.94041244267119,15.9502126932659,13.3986312482359,13.5041076968415,12.8292759622275,7.94025836317563,"02","03","0.0005",0.0794,0.151,0.597,1000,1000,0.75,0.75,0.75,-61.0686594252774,0,5
2,309033.52599803,8980000,19659.3,9.57398821692358,15.9742186620641,12.6412997067189,13.857110716387,13.3232735370389,9.57318635809348,"02","03","0.0005",0.0794,0.151,0.597,1000,1000,0.75,0.75,0.75,-61.0686594252774,0,5
3,366902.705896111,8500000,81187.65,11.1410785585787,15.929306963252,12.8127382287607,14.3616428958367,13.1225300360552,11.137094266642,"02","03","0.0005",0.0794,0.151,0.597,1000,1000,0.75,0.75,0.75,-61.0686594252774,0,5
4,383052.708713655,8290000,299082,12.6303701019253,15.9039528868676,12.8558422443644,14.7939405997556,12.7127329202647,12.6123470664709,"02","03","0.0005",0.0794,0.151,0.597,1000,1000,0.75,0.75,0.75,-61.0686594252774,0,5
5,287960.888222311,8220000,871810.5,14.0094820166338,15.8801758472161,12.5706401801842,15.1910338245619,12.5319810020312,13.9361076026973,"02","03","0.0005",0.0794,0.151,0.597,1000,1000,0.75,0.75,0.75,-61.0686594252774,0,5
6,244387.205047603,7040000,5492475,15.171361450348,15.734910289502,12.406555675908,16.8725452591605,12.492352828953,14.9091678602718,"02","03","0.0005",0.0794,0.151,0.597,1000,1000,0.75,0.75,0.75,-61.0686594252774,0,5
7,255742.013483527,4120000,820627.5,13.6105497454629,15.1850768714057,12.4520927352983,16.5020061125361,12.5177832532522,13.5148945382879,"02","03","0.0005",0.0794,0.151,0.597,1000,1000,0.75,0.75,0.75,-61.0686594252774,0,5
8,589508.604800494,3900000,119435.85,11.6967567992243,14.9958792757821,13.2872291921787,16.2745968715881,13.0937882943632,11.6811700226856,"02","03","0.0005",0.0794,0.151,0.597,1000,1000,0.75,0.75,0.75,-61.0686594252774,0,5
9,840432.819348672,4160000,29828.55,10.264708391521,15.0068915836417,13.6418921071486,16.1265579698404,13.9830590483932,10.2612375156863,"02","03","0.0005",0.0794,0.151,0.597,1000,1000,0.75,0.75,0.75,-61.0686594252774,0,5
10,2202491.59687868,5310000,9286.665,9.28531537570282,14.9418040777467,14.6050906221626,15.0472189141005,14.9426797645542,9.2842961395464,"02","03","0.0005",0.0794,0.151,0.597,1000,1000,0.75,0.75,0.75,-61.0686594252774,0,5
11,3505298.02443929,6470000,14153.055,9.80420939464573,14.8934083781389,15.0693472934763,14.6582772807894,15.638156230176,9.80280417466763,"02","03","0.0005",0.0794,0.151,0.597,1000,1000,0.75,0.75,0.75,-61.0686594252774,0,5
12,2892623.99217856,5220000,41034.9,10.2358748849626,14.7104768084954,14.8765695511567,15.5157041069321,14.7529369663157,10.233263364272,"02","03","0.0005",0.0794,0.151,0.597,1000,1000,0.75,0.75,0.75,-61.0686594252774,0,5
13,1970882.61986476,5100000,34461.3,10.4796902662805,15.0066156716298,14.4941152935081,16.0164133638733,13.8031114516918,10.4763107146967,"02","03","0.0005",0.0794,0.151,0.597,1000,1000,0.75,0.75,0.75,-61.0686594252774,0,5
14,2364419.34414877,7130000,31029,10.3230110472961,15.2932373281708,14.6772282543973,16.5559054420322,15.3312968085542,10.320758274895,"02","03","0.0005",0.0794,0.151,0.597,1000,1000,0.75,0.75,0.75,-61.0686594252774,0,5
15,1813265.36251899,5120000,8762.535,9.10198360835448,15.0428258189826,14.4102775928219,16.6163824649026,14.2524176382607,9.10112500887821,"02","03","0.0005",0.0794,0.151,0.597,1000,1000,0.75,0.75,0.75,-61.0686594252774,0,5
16,1261204.19967786,5210000,1651.35,7.40574171686759,15.1738853363082,14.0478996009692,16.7425896187724,14.1691317333284,7.40558201887224,"02","03","0.0005",0.0794,0.151,0.597,1000,1000,0.75,0.75,0.75,-61.0686594252774,0,5
17,1820653.73982328,5660000,191.7195,5.25542934373962,15.1772470650477,14.4145812825289,16.8108085057701,13.8449398809624,5.25541260513322,"02","03","0.0005",0.0794,0.151,0.597,1000,1000,0.75,0.75,0.75,-61.0686594252774,0,5
18,1940044.72711964,6870000,27.9741,3.33365540351841,15.3833658927256,14.4784259111485,16.8034286461906,14.1783082146116,3.33365332237358,"02","03","0.0005",0.0794,0.151,0.597,1000,1000,0.75,0.75,0.75,-61.0686594252774,0,5
19,1476446.28248577,6780000,NA,1.92575003094112,15.5064241220632,14.2049198738769,16.7997105074869,13.7171608588039,1.92574953385075,"02","03","0.0005",0.0794,0.151,0.597,1000,1000,0.75,0.75,0.75,-61.0686594252774,0,5
20,853326.686477451,6980000,NA,0.680434869786599,15.6188913558842,13.657082218774,16.7997503735025,13.7170754046321,0.680434727231794,"02","03","0.0005",0.0794,0.151,0.597,1000,1000,0.75,0.75,0.75,-61.0686594252774,0,5
0,195185.433142876,8100000,NA,6.85493464689263,15.8888159991114,12.1819286658519,13.7511034545159,12.0575851977867,6.85487642769898,"01","03","0.0005",0.0794,0.151,0.597,1000,1000,0.75,0.75,0.75,-77.3497473966716,0,4
1,679851.300101998,8930000,2416.755,8.46973731490195,15.9195783826902,13.4297432944228,13.7580925926238,12.7187084792769,8.46946882505486,"01","03","0.0005",0.0794,0.151,0.597,1000,1000,0.75,0.75,0.75,-77.3497473966716,0,4
2,336022.666444805,8930000,28758.6,10.078420293542,15.962576197943,12.7250889987099,13.9816509553263,13.5167041715315,10.0770815684476,"01","03","0.0005",0.0794,0.151,0.597,1000,1000,0.75,0.75,0.75,-77.3497473966716,0,4
3,372838.77426805,8370000,157624.5,11.6133291685157,15.898573710127,12.8287554634395,14.391155164362,12.8919951397654,11.6067567467873,"01","03","0.0005",0.0794,0.151,0.597,1000,1000,0.75,0.75,0.75,-77.3497473966716,0,4
4,431837.518936741,8320000,448315.5,13.0992809405181,15.8850463748336,12.9757612237791,14.8774789259231,12.3645756634353,13.0701769350253,"01","03","0.0005",0.0794,0.151,0.597,1000,1000,0.75,0.75,0.75,-77.3497473966716,0,4
5,357944.683233395,8210000,2329575,14.4486436399895,15.87055902681,12.7882348050739,15.9977715897293,12.4901283135808,14.3355225361646,"01","03","0.0005",0.0794,0.151,0.597,1000,1000,0.75,0.75,0.75,-77.3497473966716,0,4
6,197228.66197661,6420000,9209085,14.9677902266589,15.6466872000426,12.1922461602902,16.5595230161514,12.4014345965827,14.7320222216581,"01","03","0.0005",0.0794,0.151,0.597,1000,1000,0.75,0.75,0.75,-77.3497473966716,0,4
7,271980.720638346,4090000,859099.5,14.0299534882751,15.1541576137324,12.5136302239365,16.1299826078142,12.5408004724847,13.8821430396281,"01","03","0.0005",0.0794,0.151,0.597,1000,1000,0.75,0.75,0.75,-77.3497473966716,0,4
8,531411.550702955,3340000,1132041,13.0884403473069,14.8517641803247,13.1833051556512,16.4601812435603,12.7278264739094,13.0171709299315,"01","03","0.0005",0.0794,0.151,0.597,1000,1000,0.75,0.75,0.75,-77.3497473966716,0,4
9,1017729.12874658,3690000,34074,10.4648894251453,14.7923020554402,13.8340819157677,16.1100188866472,14.3366086621563,10.4601223674003,"01","03","0.0005",0.0794,0.151,0.597,1000,1000,0.75,0.75,0.75,-77.3497473966716,0,4
10,2257001.81378758,4550000,7055.1,9.05349291661785,14.6472469295541,14.6290902835906,15.4476597120116,14.9023328655524,9.05255436032428,"01","03","0.0005",0.0794,0.151,0.597,1000,1000,0.75,0.75,0.75,-77.3497473966716,0,4
11,3392468.91617599,5760000,6766.425,9.02960182098768,14.6777299228687,15.036839624294,15.2826863389292,15.3309059435725,9.02887739587448,"01","03","0.0005",0.0794,0.151,0.597,1000,1000,0.75,0.75,0.75,-77.3497473966716,0,4
12,3564177.30922816,6170000,16977.6,9.23787149345805,14.7733340374304,15.0859284804871,15.9137581384512,15.2046311366215,9.23703839440118,"01","03","0.0005",0.0794,0.151,0.597,1000,1000,0.75,0.75,0.75,-77.3497473966716,0,4
13,2241306.99831514,5390000,7130.61,9.01592349211874,14.9804802104426,14.6223164925715,15.9840985702869,12.9687046512026,9.0151677764637,"01","03","0.0005",0.0794,0.151,0.597,1000,1000,0.75,0.75,0.75,-77.3497473966716,0,4
14,2316777.28071045,7690000,8997.885,9.08183360499209,15.4744092017406,14.6595420420016,16.1722876635294,14.6349014887538,9.0812535191926,"01","03","0.0005",0.0794,0.151,0.597,1000,1000,0.75,0.75,0.75,-77.3497473966716,0,4
15,1712647.25895592,7270000,9883.635,9.14011647938657,15.5338183818064,14.3531612235702,16.3529841415433,14.0696822135783,9.13947693142519,"01","03","0.0005",0.0794,0.151,0.597,1000,1000,0.75,0.75,0.75,-77.3497473966716,0,4
16,1346252.77335003,7470000,6733.845,8.97785318346237,15.6262480076245,14.1129902187642,16.2273735643031,14.0319453248867,8.97732212493194,"01","03","0.0005",0.0794,0.151,0.597,1000,1000,0.75,0.75,0.75,-77.3497473966716,0,4
17,1240429.33788703,7530000,9415.32,9.06731807476433,15.6554210031412,14.0307755557327,16.5490878093092,13.6050740615667,9.06674307960116,"01","03","0.0005",0.0794,0.151,0.597,1000,1000,0.75,0.75,0.75,-77.3497473966716,0,4
18,668602.009126693,7410000,6315.435,8.66857178741197,15.7275959095991,13.4131037034689,16.9831875614225,13.305109472428,8.6681806572085,"01","03","0.0005",0.0794,0.151,0.597,1000,1000,0.75,0.75,0.75,-77.3497473966716,0,4
19,785795.518762965,7800000,1177.53,7.14415763058687,15.7578970501453,13.5747506010198,16.8683884882333,14.5825557442481,7.1440760302756,"01","03","0.0005",0.0794,0.151,0.597,1000,1000,0.75,0.75,0.75,-77.3497473966716,0,4
20,529923.195210192,6380000,366.1695,5.88938246575264,15.5829460349746,13.1804823199726,16.8688705175561,14.5825195809735,5.88935418550418,"01","03","0.0005",0.0794,0.151,0.597,1000,1000,0.75,0.75,0.75,-77.3497473966716,0,4
0,215598.798344163,8340000,NA,1.60781816132042,15.9055982607905,12.2813983605123,14.7296914724028,13.065141445001,1.60781786065283,"03","02","0.005",0.0794,0.151,0.597,1000,1000,0.75,0.75,0.75,-54.1224343870655,0,3
1,758600.654448694,8510000,NA,3.05714083870899,15.8731943262535,13.5388859744528,14.7293304335454,12.9475139314876,3.0571396002769,"03","02","0.005",0.0794,0.151,0.597,1000,1000,0.75,0.75,0.75,-54.1224343870655,0,3
2,469603.729136953,8630000,NA,4.52452787909652,15.9184032515882,13.059786064061,14.7281035205144,12.9198129561179,4.5245225524397,"03","02","0.005",0.0794,0.151,0.597,1000,1000,0.75,0.75,0.75,-54.1224343870655,0,3
3,579743.714559641,8740000,498.372,5.99646083755663,15.9300235230426,13.270413924287,14.7258561760066,13.0529593528941,5.99643816486666,"03","02","0.005",0.0794,0.151,0.597,1000,1000,0.75,0.75,0.75,-54.1224343870655,0,3
4,848198.200425367,9740000,1133.637,7.46963372270833,15.9539219030718,13.6509185463639,14.5384333275939,13.6810876959494,7.4695397703928,"03","02","0.005",0.0794,0.151,0.597,1000,1000,0.75,0.75,0.75,-54.1224343870655,0,3
5,598368.328226144,8880000,6234.6,8.96246988417526,15.94785051998,13.3018402435054,14.5016467296766,13.5798530991182,8.9620379039146,"03","02","0.005",0.0794,0.151,0.597,1000,1000,0.75,0.75,0.75,-54.1224343870655,0,3
6,387847.576889833,8500000,36874.95,10.4626499863653,15.9269055718081,12.868466290738,14.7658861886302,13.4856185530118,10.4606279123715,"03","02","0.005",0.0794,0.151,0.597,1000,1000,0.75,0.75,0.75,-54.1224343870655,0,3
7,464895.192324927,8540000,327040.5,11.8861802556277,15.8907582545645,13.0495968653644,15.3969720358015,13.9781704261127,11.8775792854639,"03","02","0.005",0.0794,0.151,0.597,1000,1000,0.75,0.75,0.75,-54.1224343870655,0,3
8,469038.674014442,7750000,144508.95,12.9669639256448,15.7914697917949,13.0584467212826,15.2957034359921,14.4166518178236,12.9392356478929,"03","02","0.005",0.0794,0.151,0.597,1000,1000,0.75,0.75,0.75,-54.1224343870655,0,3
9,463198.352668219,6190000,1923105,13.9381533220937,15.5581667583958,13.0459059192979,16.1912392393807,14.4363692644634,13.848022508088,"03","02","0.005",0.0794,0.151,0.597,1000,1000,0.75,0.75,0.75,-54.1224343870655,0,3
10,593520.117500216,4300000,898834.5,13.6108921378709,15.1494511529917,13.2937241433477,16.1674448710711,13.4964317860297,13.5194961583302,"03","02","0.005",0.0794,0.151,0.597,1000,1000,0.75,0.75,0.75,-54.1224343870655,0,3
11,649167.379620668,3840000,257566.5,12.7670889256068,14.9480024824465,13.3835943890975,15.8572352525498,13.3801127494071,12.7207532255599,"03","02","0.005",0.0794,0.151,0.597,1000,1000,0.75,0.75,0.75,-54.1224343870655,0,3
12,560164.224446227,3140000,468849,12.3023816325166,14.868470371956,13.2361064963059,16.1025484887007,12.5947241451472,12.2704175694598,"03","02","0.005",0.0794,0.151,0.597,1000,1000,0.75,0.75,0.75,-54.1224343870655,0,3
13,2135188.68331665,5830000,70682.25,11.1174639154777,14.924653342809,14.5778790342455,16.2040470072245,14.5155043673397,11.1109651195713,"03","02","0.005",0.0794,0.151,0.597,1000,1000,0.75,0.75,0.75,-54.1224343870655,0,3
14,3477094.65329342,6940000,27482.1,10.4226012161699,15.056106017642,15.0613874237233,15.8120309043504,15.84583945415,10.420178454953,"03","02","0.005",0.0794,0.151,0.597,1000,1000,0.75,0.75,0.75,-54.1224343870655,0,3
15,3345958.13578083,5610000,26026.2,10.0667585348437,14.6469609576912,15.0227339661617,15.8085207014718,15.6086432024851,10.0646720593504,"03","02","0.005",0.0794,0.151,0.597,1000,1000,0.75,0.75,0.75,-54.1224343870655,0,3
16,2214406.72417926,4090000,13165.92,9.50551337496693,14.4754073405204,14.610412458506,15.8683437505107,14.4372431107934,9.50389484556627,"03","02","0.005",0.0794,0.151,0.597,1000,1000,0.75,0.75,0.75,-54.1224343870655,0,3
17,2661633.22239893,5380000,8326.17,8.98425197285048,14.7889880929844,14.7949922974686,16.1454312649666,14.6887299514965,8.98350101593152,"03","02","0.005",0.0794,0.151,0.597,1000,1000,0.75,0.75,0.75,-54.1224343870655,0,3
18,3039342.07483351,6450000,4552.41,8.40391506271525,15.0327324933958,14.9271454182208,16.3870074519838,14.943700951909,8.40356722313622,"03","02","0.005",0.0794,0.151,0.597,1000,1000,0.75,0.75,0.75,-54.1224343870655,0,3
19,3216133.38399642,7100000,2156.91,7.68955375576122,15.1909780265979,14.9833824929265,16.4655893018192,14.4732646888353,7.6894014047781,"03","02","0.005",0.0794,0.151,0.597,1000,1000,0.75,0.75,0.75,-54.1224343870655,0,3
20,1954704.4435639,7480000,1393.953,7.2532954029045,15.5178263581847,14.485951186314,16.4656781896891,14.4746049486703,7.25320048350749,"03","02","0.005",0.0794,0.151,0.597,1000,1000,0.75,0.75,0.75,-54.1224343870655,0,3
0,202530.451696895,8880000,NA,5.98506791454359,15.9766740929461,12.2188521518607,13.3141877661122,13.6028236545323,5.98504554529892,"02","02","0.005",0.0794,0.151,0.597,1000,1000,0.75,0.75,0.75,-80.3211900560015,0,2
1,649254.229308111,8800000,1587.99,7.63260150833532,15.9106579759875,13.3832829974045,13.3132627554549,13.8041090918607,7.63248388962519,"02","02","0.005",0.0794,0.151,0.597,1000,1000,0.75,0.75,0.75,-80.3211900560015,0,2
2,331078.597246607,8030000,9107.775,9.25996234375464,15.8637553186649,12.7102202785844,13.4914317231397,12.9275649559694,9.25931255474424,"02","02","0.005",0.0794,0.151,0.597,1000,1000,0.75,0.75,0.75,-80.3211900560015,0,2
3,521046.478193259,8430000,86298,10.9293730788481,15.8746844119089,13.1638378600876,14.0340346494851,13.4817788664837,10.9260383994453,"02","02","0.005",0.0794,0.151,0.597,1000,1000,0.75,0.75,0.75,-80.3211900560015,0,2
4,654180.973861263,8070000,258915,12.4979071151111,15.8298528963908,13.3908013080617,14.5117790747841,12.3731312304587,12.4815236129779,"02","02","0.005",0.0794,0.151,0.597,1000,1000,0.75,0.75,0.75,-80.3211900560015,0,2
5,640478.66427278,8580000,1084242,14.0138161292731,15.8804239597843,13.3703959704339,15.1910021986525,12.2277571276443,13.9431561402702,"02","02","0.005",0.0794,0.151,0.597,1000,1000,0.75,0.75,0.75,-80.3211900560015,0,2
6,499115.993064387,7710000,3403470,15.262810082502,15.7904431828079,13.1205700241322,16.4065644130765,12.0799550313924,14.9995726802212,"02","02","0.005",0.0794,0.151,0.597,1000,1000,0.75,0.75,0.75,-80.3211900560015,0,2
7,373614.953387896,4690000,4413465,15.0511395319916,15.2806782878235,12.8310440149216,16.5940175551854,11.8638686090689,14.7074839606002,"02","02","0.005",0.0794,0.151,0.597,1000,1000,0.75,0.75,0.75,-80.3211900560015,0,2
8,489451.227523396,2680000,760525.5,13.060707581489,14.6069710879503,13.1013280130953,15.9027469112695,11.8200683297168,12.9747953882071,"02","02","0.005",0.0794,0.151,0.597,1000,1000,0.75,0.75,0.75,-80.3211900560015,0,2
9,835785.831947366,3080000,128470.8,11.7409585230859,14.6117047552389,13.6383864368322,15.9143831456191,13.4364790356358,11.7204688384356,"02","02","0.005",0.0794,0.151,0.597,1000,1000,0.75,0.75,0.75,-80.3211900560015,0,2
10,1997178.98680081,4340000,40803.6,10.6326932169004,14.6666686370005,14.5071483424332,15.362945534192,14.9223625928603,10.627918801751,"02","02","0.005",0.0794,0.151,0.597,1000,1000,0.75,0.75,0.75,-80.3211900560015,0,2
11,3760894.67087555,5900000,32804.25,10.6545053669741,14.5758816924355,15.1398198935552,14.6973567646087,15.7693010174047,10.6509149112863,"02","02","0.005",0.0794,0.151,0.597,1000,1000,0.75,0.75,0.75,-80.3211900560015,0,2
12,4107093.08625143,5860000,56888.4,10.8542158644752,14.3839410851573,15.2267658872287,15.0169829207455,15.4906761225713,10.8498083817256,"02","02","0.005",0.0794,0.151,0.597,1000,1000,0.75,0.75,0.75,-80.3211900560015,0,2
13,3044138.28735022,5320000,91032,11.1808279817288,14.6625555637251,14.9279466718103,16.1242289233118,13.1745655090427,11.17416113864,"02","02","0.005",0.0794,0.151,0.597,1000,1000,0.75,0.75,0.75,-80.3211900560015,0,2
14,3130494.83881655,8270000,56018.7,11.0103682974181,15.4256793741568,14.9616489413895,16.3616958673939,15.2088873914594,11.0066589024126,"02","02","0.005",0.0794,0.151,0.597,1000,1000,0.75,0.75,0.75,-80.3211900560015,0,2
15,2310681.66860063,7190000,48568.5,10.7538065116878,15.4059935009322,14.6525106722174,16.952250063899,14.1396146046944,10.7505647224499,"02","02","0.005",0.0794,0.151,0.597,1000,1000,0.75,0.75,0.75,-80.3211900560015,0,2
16,1708071.69626956,7700000,9576.96,9.1740059594682,15.6016245619774,14.3513582596401,17.15619848787,14.7722953175019,9.17337781493665,"02","02","0.005",0.0794,0.151,0.597,1000,1000,0.75,0.75,0.75,-80.3211900560015,0,2
17,1450354.86451793,6870000,1054.713,6.96163190417238,15.5088373809006,14.1870504026716,17.1271349834128,13.7750959812085,6.96155529146892,"02","02","0.005",0.0794,0.151,0.597,1000,1000,0.75,0.75,0.75,-80.3211900560015,0,2
18,962326.329765504,6990000,102.76665,4.64626261431268,15.6122824762841,13.7774360971901,16.8718493895285,13.8140508248074,4.6462551641601,"02","02","0.005",0.0794,0.151,0.597,1000,1000,0.75,0.75,0.75,-80.3211900560015,0,2
19,1217296.51292566,7350000,26.56125,3.27147458852181,15.6258800447974,14.0123648502363,16.8676416066047,15.197591018079,3.2714727911712,"02","02","0.005",0.0794,0.151,0.597,1000,1000,0.75,0.75,0.75,-80.3211900560015,0,2
20,835174.693380545,5080000,NA,1.64808237123113,15.2618676429761,13.6353790920066,16.867611583151,15.1975817999722,1.64808185995592,"02","02","0.005",0.0794,0.151,0.597,1000,1000,0.75,0.75,0.75,-80.3211900560015,0,2
0,444092.133606705,8220000,NA,6.96139081320334,15.8686278782502,13.003951084734,13.789022796041,13.3467221603089,6.96132676221452,"01","02","0.005",0.0794,0.151,0.597,1000,1000,0.75,0.75,0.75,-78.0486589416382,0,1
1,1084672.59088293,8820000,2821.395,8.57387933799387,15.8571246214068,13.8967884321624,13.7861504671521,14.1293075303248,8.57357827231743,"01","02","0.005",0.0794,0.151,0.597,1000,1000,0.75,0.75,0.75,-78.0486589416382,0,1
2,596225.759701188,8050000,18133.8,10.1150765634048,15.8254343824179,13.2984173454064,13.907148276973,13.8555073664727,10.1135437129494,"01","02","0.005",0.0794,0.151,0.597,1000,1000,0.75,0.75,0.75,-78.0486589416382,0,1
3,763338.336103522,7810000,223690.5,11.6566610853933,15.7678743067183,13.5453628449219,14.2537944886721,13.4935574635752,11.6492771884245,"01","02","0.005",0.0794,0.151,0.597,1000,1000,0.75,0.75,0.75,-78.0486589416382,0,1
4,722351.714077712,7650000,836572.5,13.1651148657216,15.7599874019472,13.4902397729502,14.6874433744126,12.8477494879981,13.1314740238948,"01","02","0.005",0.0794,0.151,0.597,1000,1000,0.75,0.75,0.75,-78.0486589416382,0,1
5,783752.471942906,7950000,2202615,14.5806744209648,15.7739652583137,13.5725022669214,15.7653273128712,14.1057812703447,14.4472706815885,"01","02","0.005",0.0794,0.151,0.597,1000,1000,0.75,0.75,0.75,-78.0486589416382,0,1
6,567732.173006405,5570000,3803790,15.1908508340052,15.4278496499831,13.2492696520323,16.1427228772801,13.6499054684747,14.8573151441145,"01","02","0.005",0.0794,0.151,0.597,1000,1000,0.75,0.75,0.75,-78.0486589416382,0,1
7,518188.256261364,2880000,5431800,14.675897929136,14.6756813482031,13.1581667149494,15.8907323312306,13.3320266911816,14.2936079825258,"01","02","0.005",0.0794,0.151,0.597,1000,1000,0.75,0.75,0.75,-78.0486589416382,0,1
8,593064.618878508,1620000,491955,13.1220038822768,13.8414710072126,13.2933133461549,15.5673090098451,13.4654154343954,12.9716577981085,"01","02","0.005",0.0794,0.151,0.597,1000,1000,0.75,0.75,0.75,-78.0486589416382,0,1
9,879065.890650618,1650000,53408.55,10.7837207351533,13.5546809392324,13.6869047291916,15.3928598406402,13.9923349277577,10.7691390565903,"01","02","0.005",0.0794,0.151,0.597,1000,1000,0.75,0.75,0.75,-78.0486589416382,0,1
10,2219543.46979657,3e+06,7884.825,8.91725028311581,13.5642946335608,14.6131256756574,14.7924206513298,15.0107944340784,8.91600649244527,"01","02","0.005",0.0794,0.151,0.597,1000,1000,0.75,0.75,0.75,-78.0486589416382,0,1
11,3464220.29493112,4460000,1291.7445,8.73431840388385,13.8088456496737,15.0579985836115,13.9616385021589,15.824882878447,8.73362163813832,"01","02","0.005",0.0794,0.151,0.597,1000,1000,0.75,0.75,0.75,-78.0486589416382,0,1
12,4260462.5727425,5070000,8670.36,8.60973181854719,13.6328903426503,15.2621569177284,13.8127576515938,16.040407352812,8.60919223136409,"01","02","0.005",0.0794,0.151,0.597,1000,1000,0.75,0.75,0.75,-78.0486589416382,0,1
13,3670669.08707338,4460000,5570.34,8.40062244259356,13.6169003826282,15.1136543607812,13.9983300178241,14.2195715586091,8.40012611186019,"01","02","0.005",0.0794,0.151,0.597,1000,1000,0.75,0.75,0.75,-78.0486589416382,0,1
14,4533365.31081327,7810000,22534.8,9.60604572647424,14.9881874072027,15.3290123568762,14.5453581148105,15.7410654554624,9.6050904007873,"01","02","0.005",0.0794,0.151,0.597,1000,1000,0.75,0.75,0.75,-78.0486589416382,0,1
15,2709085.59020267,5900000,36766.95,10.2630522508893,14.97890882811,14.811667354044,15.2481701755554,14.8154339178733,10.2606284698778,"01","02","0.005",0.0794,0.151,0.597,1000,1000,0.75,0.75,0.75,-78.0486589416382,0,1
16,2307108.42976581,6020000,56390.4,10.8983833836466,15.1280794189286,14.6516585815258,16.053332798548,14.4906463631738,10.8938966771664,"01","02","0.005",0.0794,0.151,0.597,1000,1000,0.75,0.75,0.75,-78.0486589416382,0,1
17,2295236.45938784,6630000,59486.55,10.818510106893,15.279049982734,14.6465527157474,17.0130016303198,15.3112181783312,10.8147390852566,"01","02","0.005",0.0794,0.151,0.597,1000,1000,0.75,0.75,0.75,-78.0486589416382,0,1
18,1200462.66544615,4530000,3361.455,8.24859859887235,15.0205854325972,13.9981590415057,17.0540396558206,14.0132123711671,8.24817743299297,"01","02","0.005",0.0794,0.151,0.597,1000,1000,0.75,0.75,0.75,-78.0486589416382,0,1
19,1406270.9228793,4890000,64.059,4.16733876199842,15.062217700734,14.1567892560466,17.0389139410551,13.8504538964609,4.16733215654182,"01","02","0.005",0.0794,0.151,0.597,1000,1000,0.75,0.75,0.75,-78.0486589416382,0,1
20,1963672.83965029,5920000,NA,0.621915909995244,15.1905213511009,14.4903353716419,17.0389355607243,13.850465480253,0.6219157527867,"01","02","0.005",0.0794,0.151,0.597,1000,1000,0.75,0.75,0.75,-78.0486589416382,0,1
